{
    "R_ATPS4m": 55.42512934007017,
    "R_OCPPH1": 0.0005988922119140625,
    "R_DHFR": 0.004746363372802735,
    "R_DTMPK": 0.0025019435119628904,
    "R_KDO8PS": 0.006787445068359375,
    "R_ADNK": 0.003593353271484375,
    "R_KDOPP": 0.006787445068359375,
    "R_COBALTt5": -2.4836292935133135e-06,
    "R_CAT": 0.02578258068121022,
    "R_NNATr": 0.00271201272549262,
    "R_UAMAGS": 0.017111206054687498,
    "R_THRD_L": 0.07580166273262375,
    "R_HBZOPT": 0.001197784423828125,
    "R_GLNTRS": 0.05613898893248993,
    "R_HISTD": 0.033204728016070516,
    "R_OCTDPS": 0.001197784423828125,
    "R_IMPC": -0.10020766168064635,
    "R_TYRTA": -0.040648031268353965,
    "R_TAh": -0.02506126378856032,
    "R_DHQS": 0.1100683944110124,
    "R_DB4PS": 0.006628338365805327,
    "R_ARGTRS": 0.10364156931822993,
    "R_PHEMEAS": 0.00012794265185472797,
    "R_FMNAT": 0.001229626807779818,
    "R_NH4t": 2.9258416697054312,
    "R_FDH": -0.15874045735080655,
    "R_ADK3": -3.2120905008012124,
    "R_ADK1": 5.287388823624429,
    "R_GMPS": 0.033877552270863476,
    "R_KDOCT2": 0.006787445068359375,
    "R_GLUTRS": 0.09093785990363752,
    "R_GLUTRR": 0.001023541214837824,
    "R_SLFR": 0.06016125574178323,
    "R_H2Ot": -24.24562478975143,
    "R_LEUTRS": 0.14696847291358398,
    "R_MTHFR2": 0.044848013881615655,
    "R_MDH": 5.8244585150249835,
    "R_DHDPS": 0.08263097554733778,
    "R_PERD": 0.003873399152551854,
    "R_AKGDH": 5.587483902632395,
    "R_ALATRS": 0.19755312078483564,
    "R_MECDPDHT": 0.009966103346189185,
    "R_PHETRS": 0.05111321446738514,
    "R_LYSTRS": 0.06551976949265029,
    "R_G5SD": 0.07368145441074321,
    "R_LPS": 0.00969635009765625,
    "R_DHR": -0.04497974948437597,
    "R_PPGS": 0.005307896118164063,
    "R_ADSK": 0.060161255741783236,
    "R_FCLT": 0.00012794265185472797,
    "R_UNAMPLA": 0.017111206054687498,
    "R_MOHMT": 0.0012405624389648648,
    "R_NADSG": 0.00271201272549262,
    "R_UAAGDS": 0.017111206054687498,
    "R_TMPPP": 0.003602714708100725,
    "R_GLYCLTt2r": -0.002244419860839844,
    "R_PAPPT3": 0.017111206054687498,
    "R_DHPPRAP": 0.0033141691829026636,
    "R_PNTK": 0.0012405624389648648,
    "R_CBPS": 0.1486213188026059,
    "R_DAPDC": 0.06551976949265029,
    "R_UAGDP": 0.11412461471557615,
    "R_PRGCS": 0.07060564837267656,
    "R_ACHBS": 0.07580166273262375,
    "R_CHORS": 0.1100683944110124,
    "R_CHORM": 0.0917612457357391,
    "R_DHQND": 0.1100683944110124,
    "R_IMPD": 0.033877552270863476,
    "R_SUCOAS": -5.504852927085057,
    "R_GART": 0.17618085000870373,
    "R_GACT_h": 0.10364156931822993,
    "R_MG2t": 0.0002910196455101234,
    "R_FUM": 5.8244585150249835,
    "R_PPNCL": 0.0012405624389648648,
    "R_TRPTRS": 0.016062728814433457,
    "R_G1SAT": 0.001023541214837824,
    "R_ASP1DC": 0.0012405624389648648,
    "R_CYSTRS": 0.014063317984586361,
    "R_UAGAAT": 0.0027149780273437504,
    "R_CPPPGO": 0.00012794265185472797,
    "R_NDPK2": 0.2070880222272959,
    "R_NDPK5": 0.001919335464477539,
    "R_NDPK3": 0.07050247832995384,
    "R_NDPK4": 0.0025019435119628904,
    "R_ASPTA": -0.9547392500552792,
    "R_NDPK7": 0.0019281762542724607,
    "R_NDPK8": 0.002491334564208984,
    "R_GLU5K": 0.07368145441074321,
    "R_SEROAT": 0.018906595131651948,
    "R_Phospholipid": 0.014116744995117189,
    "R_SDPDS": 0.08263097554733778,
    "R_VALTRS": 0.12101649702110408,
    "R_PPCDC": 0.0012405624389648648,
    "R_SUCDi": 5.587483902632395,
    "R_Ktr": 0.2014287820668477,
    "R_CTPS2": 0.02550535967748302,
    "R_UAGCVT": 0.017111206054687498,
    "R_THRTRS": 0.07530577761076603,
    "R_CYTCOBO3": 34.15764604042185,
    "R_TRPAS2": -0.01606272881443346,
    "R_THDPS": 0.08263097554733778,
    "R_GRTT": 0.0013257270756828537,
    "R_RNDR1": 0.002491334564208984,
    "R_RNDR2": 0.001919335464477539,
    "R_RNDR3": 0.004430119766235351,
    "R_VALTA": -0.12101649702110408,
    "R_GF6PTA": 0.11412461471557615,
    "R_GALUi": 0.0027149780273437504,
    "R_PPA": 2.4390106638346243,
    "R_Carbohydrate": 0.015685272216796876,
    "R_RPI": -0.1465760706655046,
    "R_PYK": 2.7567504571072274,
    "R_RPE": -0.1599918540996693,
    "R_FABC150": 0.00027589766418457034,
    "R_TRDR": 0.06900204553670511,
    "R_ACLS": 0.26922553237365293,
    "R_GMHEPAT": 0.004072467041015625,
    "R_Cofactors_and_vitamins": 0.008555603027343749,
    "R_HMR_0614": 0.0027149780273437504,
    "R_GTPCI": 0.002244419860839844,
    "R_UGMDDS": 0.017111206054687498,
    "R_OCTMBZM": 0.001197784423828125,
    "R_FABC140": 0.01787193491271973,
    "R_NADH16": 28.570162137789453,
    "R_GMHEPPA": 0.004072467041015625,
    "R_ALAR": 0.0513336181640625,
    "R_NADK": 0.0012764627842916,
    "R_ASPCT": 0.04497974948437597,
    "R_O2t": 17.10552434973369,
    "R_OHPBAKGT": 0.003873399152551854,
    "R_AGPR": -0.10364156931822993,
    "R_OCDOR": 0.0007882790405273439,
    "R_DHDPRy": 0.08263097554733778,
    "R_PTAr": -0.06287623376912697,
    "R_DPR": 0.0012405624389648648,
    "R_E4PD": 0.003873399152551854,
    "R_OCT": 0.10364156931822993,
    "R_FABC120": 0.007063342732543947,
    "R_AHCi": 0.003593353271484375,
    "R_PRAIZC2": -0.06700293366457584,
    "R_PRAIZC1": 0.06700293366457584,
    "R_GLYTRS": 0.13325896015943278,
    "R_G6PDH2r": 4.504065604590871,
    "R_ASPSAD": -0.2749930765008588,
    "R_IG3PS": 0.01606272881443346,
    "R_UPPDC1": 0.00012794265185472797,
    "R_SKDH": 0.1100683944110124,
    "R_TDSK": 0.0013574890136718752,
    "R_PPC": 1.0615201361433217,
    "R_SDPTA": -0.08263097554733778,
    "R_DPHS": 0.1100683944110124,
    "R_ARGSL": 0.10364156931822993,
    "R_SHKK": 0.1100683944110124,
    "R_DMQMT": 0.001197784423828125,
    "R_DPCOAK": 0.0012405624389648648,
    "R_ILETRS": 0.07580166273262375,
    "R_NAt3_15": 0.030080627870891618,
    "R_OMPHHX": 0.001197784423828125,
    "R_PRFGAS": 0.07060564837267656,
    "R_ADCL": 0.002244419860839844,
    "R_PANTS": 0.0012405624389648648,
    "R_DXPRIi": 0.009966103346189185,
    "R_PMDPHT": 0.0033141691829026636,
    "R_OPHBDC": 0.001197784423828125,
    "R_PTPATi": 0.0012405624389648648,
    "R_METTRS": 0.046508125858481526,
    "R_TRPS2_1": 0.01606272881443346,
    "R_PMPK": 0.003602714708100725,
    "R_CMK": 0.009966103346189185,
    "R_TKT1": -0.020988796747544697,
    "R_TKT2": -0.1390030573521246,
    "R_ANS": 0.01606272881443346,
    "R_PGPS": 0.017111206054687498,
    "R_UAG4Ei": 0.015434307861328125,
    "R_ACGK": 0.10364156931822993,
    "R_GRATT": 0.0013257270756828537,
    "R_ANPRT": 0.01606272881443346,
    "R_G3PD2": -0.025014872131347655,
    "R_PGI": -4.506780582618215,
    "R_PGK": -4.340028641030513,
    "R_PGM": -4.062306033195621,
    "R_PGL": 4.504065604590871,
    "R_THMB": 0.003602714708100725,
    "R_OMPHHX3": 0.001197784423828125,
    "R_IMG3PS": 0.033204728016070516,
    "R_UAGPT2": 0.017111206054687498,
    "R_FMETTRS": 0.005253465248349583,
    "R_ME4PCT": 0.009966103346189185,
    "R_HEMEOS": 0.00012794265185472797,
    "R_S7PI": 0.004072467041015625,
    "R_PDX5PS": 0.003873399152551854,
    "R_HMPK1": 0.003602714708100725,
    "R_DHADT1": 0.26922553237365293,
    "R_DHADT2": 0.07580166273262375,
    "R_4HBZt": -0.0024049302842726,
    "R_PGCM": -0.0027149780273437504,
    "R_DAPE": 0.08263097554733778,
    "R_GLUPRT": 0.07060564837267656,
    "R_FE2abc": 0.0001812486894546925,
    "R_ILETA": -0.07580166273262375,
    "R_ASNS": 0.045563171387881754,
    "R_PDH1": 6.548170781598021,
    "R_ICDHx": 5.931239401113026,
    "R_PDH2": 6.548170781598021,
    "R_CLPNS2": 0.0013128572845458985,
    "R_METAT": 0.0035933532714843754,
    "R_PDH3": 6.548170781598021,
    "R_PCNO": -0.0007882790405273439,
    "R_ASPK": 0.2749930765008588,
    "R_PAPSR": 0.06016125574178323,
    "R_IPMD": 0.14696847291358398,
    "R_GCALDD": 0.002244419860839844,
    "R_PDX5POi": 0.003873399152551854,
    "R_HSERA": 0.04125466061013128,
    "R_TMPK": 2.647264267103828e-05,
    "R_HSDy": -0.19236210095352102,
    "R_DHNPA": 0.002244419860839844,