{
    "R_rxn00001_c": 8.020815245225318,
    "R_rxn00077_c": 0.0014445724487372614,
    "R_rxn00086_c": 0.0165145046432124,
    "R_rxn00097_c": 6.76877665651017,
    "R_rxn00100_c": 0.0003939743041995736,
    "R_rxn00113_c": 0.529204567174687,
    "R_rxn00119_c": 0.40712554863735895,
    "R_rxn00126_c": 1.05059814453125e-05,
    "R_rxn00134_c": 2.626495361328125e-06,
    "R_rxn00138_c": 0.022719184875477083,
    "R_rxn00141_c": 2.626495361328125e-06,
    "R_rxn00148_c": 11.266649225806493,
    "R_rxn00157_c": -26.855798892531958,
    "R_rxn00178_c": 1.262687644958496,
    "R_rxn00179_c": 0.2201179300894521,
    "R_rxn00187_c": 1.4118670423152544,
    "R_rxn00199_c": 7.6751349421278805,
    "R_rxn00205_c": 0.022719184875477083,
    "R_rxn00223_c": 0.3323892198561794,
    "R_rxn00237_c": 9.07405783457495,
    "R_rxn00239_c": 0.16450543288576636,
    "R_rxn00256_c": 13.700865937973898,
    "R_rxn00258_c": -2.804553361358643,
    "R_rxn00260_c": -2.200112462401666,
    "R_rxn00272_c": 1.2875320854827184,
    "R_rxn00274_c": 0.48851399180652505,
    "R_rxn00278_c": -7.2610485869684025,
    "R_rxn00283_c": 0.054080852737426764,
    "R_rxn00285_c": -6.4085087677373975,
    "R_rxn00293_c": 0.08715499557495118,
    "R_rxn00302_c": 0.0005252990722656239,
    "R_rxn00313_c": 0.2633739223941479,
    "R_rxn00330_c": 4.738724209435564,
    "R_rxn00336_c": 6.0257309958460175,
    "R_rxn00337_c": 0.687717601313663,
    "R_rxn00338_c": 0.022719184875477083,
    "R_rxn00364_c": 0.466738269804932,
    "R_rxn00365_c": 0.4391819245223687,
    "R_rxn00368_c": -0.4391819245223687,
    "R_rxn00371_c": 26.122825016911296,
    "R_rxn00375_c": -1.0101958756249443,
    "R_rxn00405_c": 0.009192733764648436,
    "R_rxn00409_c": 0.457465296606995,
    "R_rxn00412_c": 0.1682966182441532,
    "R_rxn00416_c": 0.17207844728576144,
    "R_rxn00422_c": -0.3323892198561794,
    "R_rxn00423_c": 0.03923368951868948,
    "R_rxn00441_c": 6.809544400362095,
    "R_rxn00459_c": 26.716857083488975,
    "R_rxn00461_c": 0.018026950912475588,
    "R_rxn00493_c": -0.1543831063735973,
    "R_rxn00503_c": 0.15543385364286882,
    "R_rxn00512_c": 0.0005252990722656239,
    "R_rxn00527_c": -0.11208653434077132,
    "R_rxn00532_c": -0.0003939743041995736,
    "R_rxn00545_c": 13.527925580863153,
    "R_rxn00555_c": 0.08715499557495118,
    "R_rxn00558_c": 13.92175657581856,
    "R_rxn00604_c": 0.513582018584354,
    "R_rxn00611_c": -0.1825781985473633,
    "R_rxn00623_c": -0.1588710753321255,
    "R_rxn00627_c": 0.3323892198561794,
    "R_rxn00656_c": 0.0003939743041995736,
    "R_rxn00676_c": 0.2611876617601585,
    "R_rxn00686_c": -0.012046420974731442,
    "R_rxn00692_c": 0.17515505200522152,
    "R_rxn00693_c": 0.11963738581343598,
    "R_rxn00704_c": -0.3323892198561794,
    "R_rxn00705_c": 0.3323892198561794,
    "R_rxn00710_c": 0.31827937084988334,
    "R_rxn00726_c": 0.03968105959382286,
    "R_rxn00737_c": 0.2611876617601585,
    "R_rxn00747_c": -13.655017417296492,
    "R_rxn00770_c": 0.76915692421481,
    "R_rxn00781_c": 26.716857083488975,
    "R_rxn00785_c": 0.306675999380456,
    "R_rxn00786_c": 13.527925580863153,
    "R_rxn00790_c": 0.2989766944598694,
    "R_rxn00791_c": 0.03968105959382286,
    "R_rxn00799_c": -13.603219855162315,
    "R_rxn00800_c": 0.2580425681695294,
    "R_rxn00802_c": 0.21092519632480367,
    "R_rxn00806_c": -0.38163798022314965,
    "R_rxn00832_c": -0.3884773088956278,
    "R_rxn00834_c": 0.1304347407260984,
    "R_rxn00838_c": 0.2580425681695294,
    "R_rxn00849_c": 0.018026950912475588,
    "R_rxn00851_c": 0.018026950912475588,
    "R_rxn00858_c": 0.009192733764648436,
    "R_rxn00863_c": 0.08950061443575841,
    "R_rxn00898_c": 0.7185475583496203,
    "R_rxn00902_c": 0.38163798022314965,
    "R_rxn00903_c": 4.825479988708796,
    "R_rxn00904_c": -5.161995592531067,
    "R_rxn00907_c": -0.3067075340253229,
    "R_rxn00912_c": 0.0003939743041995736,
    "R_rxn00929_c": -0.15543385364286882,
    "R_rxn00973_c": 13.700865937973898,
    "R_rxn01000_c": 0.1543831063735973,
    "R_rxn01011_c": 0.3323892198561794,
    "R_rxn01018_c": 0.31827937084988334,
    "R_rxn01019_c": 0.21092519632480367,
    "R_rxn01068_c": -0.48851399180652505,
    "R_rxn01100_c": -27.049246303345154,
    "R_rxn01106_c": -26.716857083488975,
    "R_rxn01115_c": 0.513582018584354,
    "R_rxn01116_c": -0.306675999380456,
    "R_rxn01117_c": 0.05110109375,
    "R_rxn01208_c": 0.38163798022314965,
    "R_rxn01213_c": 0.01809917953491211,
    "R_rxn01215_c": -0.3323892198561794,
    "R_rxn01241_c": 5.829809180252316,
    "R_rxn01255_c": 0.306675999380456,
    "R_rxn01257_c": 0.0005252990722656239,
    "R_rxn01268_c": 0.11208653434077132,
    "R_rxn01286_c": 0.3323892198561794,
    "R_rxn01301_c": -0.11963475931807466,
    "R_rxn01304_c": 0.11963475931807466,
    "R_rxn01332_c": 0.306675999380456,
    "R_rxn01353_c": 0.008838288215637206,
    "R_rxn01362_c": 0.31827937084988334,
    "R_rxn01387_c": 7.6751349421278805,
    "R_rxn01434_c": 0.21092519632480367,
    "R_rxn01461_c": -0.009192733764648436,
    "R_rxn01462_c": -0.009192733764648436,
    "R_rxn01465_c": -0.31827937084988334,
    "R_rxn01466_c": 0.01809917953491211,
    "R_rxn01476_c": 0.513582018584354,
    "R_rxn01485_c": -0.08715499557495118,
    "R_rxn01512_c": 0.011521121902465818,
    "R_rxn01513_c": 0.011521121902465818,
    "R_rxn01517_c": -0.011521121902465818,
    "R_rxn01520_c": 0.011521121902465818,
    "R_rxn01575_c": -0.2611876617601585,
    "R_rxn01603_c": 0.0005252990722656239,
    "R_rxn01643_c": 0.687717601313663,
    "R_rxn01652_c": -1.0101958756249443,
    "R_rxn01673_c": 0.008878998893737793,
    "R_rxn01739_c": 0.306675999380456,
    "R_rxn01740_c": -0.306675999380456,
    "R_rxn01790_c": -0.0003939743041995736,
    "R_rxn01791_c": 0.0003939743041995736,
    "R_rxn01870_c": 0.3323892198561794,
    "R_rxn01871_c": 0.7185475583496203,
    "R_rxn01872_c": -6.809544400362095,
    "R_rxn01964_c": 0.03968105959382286,
    "R_rxn01973_c": 0.2814008733066235,
    "R_rxn01974_c": 0.2814008733066235,
    "R_rxn02008_c": 0.018026950912475588,
    "R_rxn02011_c": 0.018026950912475588,
    "R_rxn02155_c": 0.022719184875477083,
    "R_rxn02159_c": 0.08950061443575841,
    "R_rxn02160_c": 0.08950061443575841,
    "R_rxn02175_c": 0.0003939743041995736,
    "R_rxn02185_c": -0.7185475583496203,
    "R_rxn02200_c": 0.0005252990722656239,
    "R_rxn02212_c": 0.306675999380456,
    "R_rxn02213_c": 0.306675999380456,
    "R_rxn02270_c": 0.2611876617601585,
    "R_rxn02283_c": -1.0101958756249443,
    "R_rxn02285_c": -0.018026950912475588,
    "R_rxn02286_c": 0.018026950912475588,
    "R_rxn02312_c": 2.626495361328125e-06,
    "R_rxn02320_c": -0.08950061443575841,
    "R_rxn02331_c": 0.05110109375,
    "R_rxn02341_c": 0.0003939743041995736,
    "R_rxn02342_c": -0.7185475583496203,
    "R_rxn02373_c": 0.2201179300894521,
    "R_rxn02376_c": 6.809544400362095,
    "R_rxn02402_c": 0.022719184875477083,
    "R_rxn02404_c": 0.05110109375,
    "R_rxn02405_c": 0.05110109375,
    "R_rxn02473_c": 0.08950061443575841,
    "R_rxn02476_c": 0.306675999380456,
    "R_rxn02504_c": 0.0005252990722656239,
    "R_rxn02507_c": 0.03968105959382286,
    "R_rxn02508_c": 0.03968105959382286,
    "R_rxn02789_c": 0.38163798022314965,
    "R_rxn02804_c": 0.3651563970947266,
    "R_rxn02811_c": -0.38163798022314965,
    "R_rxn02834_c": 0.08950061443575841,
    "R_rxn02835_c": 0.08950061443575841,
    "R_rxn02895_c": 0.2989766944598694,
    "R_rxn02933_c": -0.2611876617601585,
    "R_rxn02934_c": 0.2611876617601585,
    "R_rxn02937_c": 0.29897669445986946,
    "R_rxn02988_c": 0.022719184875477083,
    "R_rxn03004_c": -0.4045116471397519,
    "R_rxn03005_c": -0.7034883415996214,
    "R_rxn03031_c": 0.2814008733066235,
    "R_rxn03062_c": 0.38163798022314965,
    "R_rxn03084_c": 0.29897669445986946,
    "R_rxn03130_c": 0.025550546875,
    "R_rxn03135_c": 0.08950061443575841,
    "R_rxn03136_c": 0.2989766944598694,
    "R_rxn03137_c": 0.3884773088956278,