{
    "R_EX_pqq_e": -1000.0,
    "R_DM_4crsol_c": 5.220201783752165e-05,
    "R_DM_5drib_c": 5.720201783752165e-05,
    "R_DM_amob_c": 4.9999999999999996e-06,
    "R_DM_mththf_c": 0.0001452041563325679,
    "R_EX_ca2_e": -1000.0,
    "R_EX_cbl1_e": -1000.0,
    "R_EX_cl_e": -1000.0,
    "R_EX_co2_e": -1000.0,
    "R_EX_cobalt2_e": -1000.0,
    "R_EX_cu2_e": -1000.0,
    "R_EX_fe2_e": -1000.0,
    "R_EX_fe3_e": -1000.0,
    "R_EX_glc__D_e": -1000.0,
    "R_EX_h_e": -1000.0,
    "R_EX_h2o_e": -1000.0,
    "R_EX_k_e": -1000.0,
    "R_EX_mg2_e": -1000.0,
    "R_EX_mn2_e": -1000.0,
    "R_EX_mobd_e": -1000.0,
    "R_EX_na1_e": -1000.0,
    "R_EX_nh4_e": -1000.0,
    "R_EX_ni2_e": -1000.0,
    "R_EX_o2_e": -1000.0,
    "R_EX_pi_e": -1000.0,
    "R_EX_sel_e": -1000.0,
    "R_EX_slnt_e": -1000.0,
    "R_EX_so4_e": -1000.0,
    "R_EX_tungs_e": -1000.0,
    "R_EX_zn2_e": -1000.0,
    "R_3OAR140": 0.19456,
    "R_3OAS140": 0.19456,
    "R_5DOAN": 5.720201783752165e-05,
    "R_5MTRtex": -0.0175,
    "R_5MTRtpp": 0.0175,
    "R_A5PISO": 0.09728,
    "R_AACPS3": 0.31906999999999996,
    "R_AACPS4": 0.37607,
    "R_AACPS7": 0.19456,
    "R_ACACT1r": 0.8896999999999999,
    "R_ACACT2r": 0.8896999999999999,
    "R_ACACT3r": 0.8896999999999999,
    "R_ACACT4r": 0.8896999999999999,
    "R_ACACT5r": 0.8896999999999999,
    "R_ACACT6r": 0.69514,
    "R_ACACT7r": 0.69514,
    "R_ACCOAC": 0.19457500000000003,
    "R_ACCOAL": 0.5970752239515605,
    "R_ACGK": 0.34010783371572384,
    "R_ACGS": 0.34010783371572384,
    "R_ACHBS": 0.3736080974943315,
    "R_ACKr": -9.714374040548568,
    "R_ACLS": 1.0376490852365605,
    "R_ACOAD1f": -0.8896999999999999,
    "R_ACOAD2f": -0.8896999999999999,
    "R_ACOAD3f": -0.8896999999999999,
    "R_ACOAD4f": -0.8896999999999999,
    "R_ACOAD5f": -0.8896999999999999,
    "R_ACOAD6f": -0.69514,
    "R_ACOAD7f": -0.31906999999999996,
    "R_ACODA": 0.34010783371572384,
    "R_ACONTa": 1.306608651710216,
    "R_ACONTb": 1.306608651710216,
    "R_ACOTA": -0.34010783371572384,
    "R_ACt2rpp": -10.407255397339112,
    "R_ACtex": -10.407255397339112,
    "R_ADCL": 0.0010000000000000009,
    "R_ADCS": 0.0010000000000000009,
    "R_ADK1": 21.913747639373202,
    "R_ADK3": -13.345968848752804,
    "R_ADMDC": 0.0175,
    "R_ADPT": 0.01770240617417011,
    "R_ADSK": 0.255493523074819,
    "R_ADSL1r": 0.3242315639564036,
    "R_ADSL2r": 0.3205758286485971,
    "R_ADSS": 0.3242315639564036,
    "R_AGPAT160": 0.15953499999999998,
    "R_AGPAT161": 0.188035,
    "R_AGPR": -0.34010783371572384,
    "R_AHCYSNS": 0.0001452041563325679,
    "R_AICART": 0.45241754221803415,
    "R_AIRC2": 0.3205758286485971,
    "R_AIRC3": -0.3205758286485971,
    "R_ALAALAr": 0.06947,
    "R_ALAR": 0.13894,
    "R_ALATA_L": -1.3150231189953874,
    "R_ALATRS": 0.6432512593129253,
    "R_AMAOTr": 4.9999999999999996e-06,
    "R_AMPMS2": 5.220201783752165e-05,
    "R_ANPRT": 0.07109211466907557,
    "R_ANS": 0.07109211466907557,
    "R_AOXSr2": 4.9999999999999996e-06,
    "R_APRAUR": 0.00014019833682821226,
    "R_ARGSL": 0.3226078337157238,
    "R_ARGSS": 0.3226078337157238,
    "R_ARGTRS": 0.3285708926588149,
    "R_ASAD": -1.3070584207180138,
    "R_ASNS2": 0.23855983809664713,
    "R_ASNTRS": 0.24296936020787133,
    "R_ASP1DC": 0.0007500000000009166,
    "R_ASPCT": 0.22899753185129706,
    "R_ASPK": 1.3070584207180138,
    "R_ASPO3": 0.04325127418761137,
    "R_ASPTA": -3.1460490699432793,
    "R_ASPTRS": 0.3666713018398502,
    "R_ATPPRT": 0.131841713569437,
    "R_ATPS4rpp": 41.42964238570345,
    "R_BPNT": 0.255493523074819,
    "R_BTS5": 4.9999999999999996e-06,
    "R_CBMKr": 0.5516053655670209,
    "R_CDPMEK": 0.0019683766373043807,
    "R_CHORM": 0.3899268900491156,
    "R_CHORS": 0.46206044804885416,
    "R_CHRPL": 4.144333066294787e-05,
    "R_CO2tex": -20.663841739883658,
    "R_CO2tpp": -20.663841739883658,
    "R_COBALT2tex": 1.5527137496678175e-06,
    "R_COBALT2tpp": 1.5527137496678175e-06,
    "R_CPPPGO": 8.288666133387436e-05,
    "R_CS": 1.306608651710216,
    "R_CTECOAI7": -0.37607,
    "R_CTPS2": 0.17171295577942458,
    "R_CU2tex": 4.144333066693718e-05,
    "R_CU2tpp": 4.144333066693718e-05,
    "R_CYSS": 0.255493523074819,
    "R_CYSTL": 0.19189042887618504,
    "R_CYSTRS": 0.06211857051682602,
    "R_CYTBO3_4pp": 28.148423759642608,
    "R_CYTK1": 0.4805817998569335,
    "R_CYTK2": -0.05709524999999999,
    "R_DALAtex": -0.034735,
    "R_DAPDC": 0.3357147950753755,
    "R_DAPE": 0.4051847950753755,
    "R_DASYN160": 0.15953499999999998,
    "R_DASYN161": 0.188035,
    "R_DB4PS": 0.0002803966736564245,
    "R_DBTS": 4.9999999999999996e-06,
    "R_DCYTD": 0.05709524999999999,
    "R_DDPA": 0.46206044804885416,
    "R_DHAD1": 1.0376490852365605,
    "R_DHAD2": 0.3736080974943315,
    "R_DHAPT": 5.565041981935138,
    "R_DHDPRy": 0.4051847950753755,
    "R_DHDPS": 0.4051847950753755,
    "R_DHFR": 0.058095249999999994,
    "R_DHFS": 0.0010000000000000009,
    "R_DHNPA2r": 0.0010000000000000009,
    "R_DHORD2": 0.22899753185129706,
    "R_DHORTS": -0.22899753185129706,
    "R_DHPPDA2": 0.00014019833682821226,
    "R_DHPS2": 0.0010000000000000009,
    "R_DHPTDCs2": 0.0001452041563325679,
    "R_DHQS": 0.46206044804885416,
    "R_DHQTi": 0.46206044804885416,
    "R_DMATT": 0.00022038666132988402,
    "R_DMPPS": 0.0019683766373043807,
    "R_DMQMT": 4.144333066294787e-05,
    "R_DNMPPA": 0.0010000000000000009,
    "R_DNTPPA": 0.0010000000000000009,
    "R_DPCOAK": 0.0007500000000009166,
    "R_DPR": 0.0007500000000009166,
    "R_DTMPK": 0.05709524999999999,
    "R_DURIK1": 0.05709524999999999,
    "R_DXPRIi": 0.0019683766373043807,
    "R_DXPS": 0.0028416238226175064,
    "R_E4PD": 0.000821045167475604,
    "R_ECOAH1": 0.8896999999999999,
    "R_ECOAH2": 0.8896999999999999,
    "R_ECOAH3": 0.8896999999999999,
    "R_ECOAH4": 0.8896999999999999,
    "R_ECOAH5": 0.8896999999999999,
    "R_ECOAH6": 0.69514,
    "R_ECOAH7": 0.69514,
    "R_EGMEACPR": 4.9999999999999996e-06,
    "R_ENO": 27.343043535744076,
    "R_EPMEACPR": 4.9999999999999996e-06,
    "R_F6PA": 5.565041981935138,
    "R_FACOAE120": 0.19456,
    "R_FACOAE160": 0.31906999999999996,
    "R_FACOAE161": 0.37607,
    "R_FADRx": 5.464014516065168,
    "R_FBA": 9.290696739722748,
    "R_FCLT": 8.288666133387436e-05,
    "R_FE2tex": 0.001899461915900015,
    "R_FE2tpp": 0.001899461915900015,
    "R_FLDR2": 0.10262145163730438,
    "R_FMETTRS": 0.0188152687331815,
    "R_FMNAT": 6.436934759790347e-05,
    "R_FMNRx": 3.333776054282582e-06,
    "R_FTHFLi": 0.21264481133757984,
    "R_FUM": 0.9674152263207245,
    "R_G1PACT": 0.23622,
    "R_G1SAT": 0.0007278495987780837,
    "R_G3PAT160": 0.15953499999999998,
    "R_G3PAT161": 0.188035,
    "R_G3PD2": -0.34757,
    "R_G5SADs": 0.24946076661508843,
    "R_G5SD": 0.24946076661508843,
    "R_G6PDH2r": 1.1425142143998492,
    "R_GAPD": 29.157465913366448,
    "R_GARFT": 0.32062803066643464,
    "R_GCALDD": 0.0010000000000000009,
    "R_GF6PTA": 0.23622,
    "R_GHMT2r": 0.8300969133125888,
    "R_GK1": 0.16252231596901412,
    "R_GLCptspp": 16.234472936057735,
    "R_GLCtex_copy1": 16.234472936057735,
    "R_GLNS": 1.6163412070260428,
    "R_GLNTRS": 0.23937670431769248,
    "R_GLU5K": 0.24946076661508843,
    "R_GLUCYS": 8.498706761959652e-06,
    "R_GLUDy": -9.783608410823188,
    "R_GLUPRT": 0.32062803066643464,
    "R_GLUR": -0.06947,
    "R_GLUTRR": 0.0007278495987780837,
    "R_GLUTRS": 0.41912238996549744,
    "R_GLYCLTt2rpp": -0.0010000000000000009,
    "R_GLYCLTtex": -0.0010000000000000009,
    "R_GLYTRS": 0.5188772113724116,
    "R_GMPS2": 0.1281859782616305,
    "R_GND": 1.1425142143998492,
    "R_GRTT": 0.00022038666132988402,
    "R_GTHS": 8.498706761959652e-06,
    "R_GTPCI": 0.0010000000000000009,
    "R_GTPCII2": 0.00014019833682821226,
    "R_H2Otex": -49.03825451326307,
    "R_H2Otpp": -49.03825451326307,
    "R_HACD1": 0.8896999999999999,
    "R_HACD2": 0.8896999999999999,
    "R_HACD3": 0.8896999999999999,
    "R_HACD4": 0.8896999999999999,