{
    "R_EX_pqq_e": -1000.0,
    "R_DM_4crsol_c": 9.840723892697793e-06,
    "R_DM_5drib_c": 1.0199915787229043e-05,
    "R_DM_amob_c": 3.5919189453125e-07,
    "R_DM_mththf_c": 1.5591045452758048e-06,
    "R_EX_ca2_e": -1000.0,
    "R_EX_cbl1_e": -1000.0,
    "R_EX_cl_e": -1000.0,
    "R_EX_co2_e": -1000.0,
    "R_EX_cobalt2_e": -1000.0,
    "R_EX_cu2_e": -1000.0,
    "R_EX_fe2_e": -1000.0,
    "R_EX_fe3_e": -1000.0,
    "R_EX_glc__D_e": -1000.0,
    "R_EX_h_e": -1000.0,
    "R_EX_h2o_e": -1000.0,
    "R_EX_k_e": -1000.0,
    "R_EX_mg2_e": -1000.0,
    "R_EX_mn2_e": -1000.0,
    "R_EX_mobd_e": -1000.0,
    "R_EX_na1_e": -1000.0,
    "R_EX_nh4_e": -1000.0,
    "R_EX_ni2_e": -1000.0,
    "R_EX_o2_e": -1000.0,
    "R_EX_pi_e": -1000.0,
    "R_EX_sel_e": -1000.0,
    "R_EX_slnt_e": -1000.0,
    "R_EX_so4_e": -1000.0,
    "R_EX_tungs_e": -1000.0,
    "R_EX_zn2_e": -1000.0,
    "R_3OAR140": 0.013976875000000001,
    "R_3OAS140": 0.013976875000000001,
    "R_5DOAN": 1.0199915787229043e-05,
    "R_5MTRtex": -0.001257171630859375,
    "R_5MTRtpp": 0.001257171630859375,
    "R_A5PISO": 0.006988437500000001,
    "R_AACPS3": 0.022921471557617187,
    "R_AACPS4": 0.027016259155273434,
    "R_AACPS7": 0.013976875000000001,
    "R_ABTA": 2.2351907699981686,
    "R_ACACT1r": 0.06391460571289062,
    "R_ACACT2r": 0.06391460571289062,
    "R_ACACT3r": 0.06391460571289062,
    "R_ACACT4r": 0.06391460571289062,
    "R_ACACT5r": 0.06391460571289062,
    "R_ACACT6r": 0.04993773071289062,
    "R_ACACT7r": 0.04993773071289062,
    "R_ACALD": 0.2121756922122371,
    "R_ACCOAC": 0.013977952575683595,
    "R_ACCOAL": 0.07896725485496223,
    "R_ACGK": 0.0522062907537843,
    "R_ACGS": 0.0522062907537843,
    "R_ACHBS": 0.05110300799658646,
    "R_ACKr": -33.77791807302993,
    "R_ACLS": 0.15030349681642982,
    "R_ACOAD1f": -0.06391460571289062,
    "R_ACOAD2f": -0.06391460571289062,
    "R_ACOAD3f": -0.06391460571289062,
    "R_ACOAD4f": -0.06391460571289062,
    "R_ACOAD5f": -0.06391460571289062,
    "R_ACOAD6f": -0.04993773071289062,
    "R_ACOAD7f": -0.022921471557617187,
    "R_ACODA": 0.0522062907537843,
    "R_ACONTa": 2.4252835724170656,
    "R_ACONTb": 2.4252835724170656,
    "R_ACOTA": -0.0522062907537843,
    "R_ACt2rpp": -33.87469443251315,
    "R_ACtex": -33.87469443251315,
    "R_ADCL": 7.183837890625041e-05,
    "R_ADCS": 7.183837890625041e-05,
    "R_ADK1": 4.297898134266444,
    "R_ADMDC": 0.001257171630859375,
    "R_ADNK1": 0.0012689306511918799,
    "R_ADSK": 0.03758163122943693,
    "R_ADSL1r": 0.035698730886646185,
    "R_ADSL2r": 0.030301185364940496,
    "R_ADSS": 0.035698730886646185,
    "R_AGPAT160": 0.011460735778808594,
    "R_AGPAT161": 0.013508129577636717,
    "R_AGPR": -0.0522062907537843,
    "R_AHCYSNS": 1.5591045452758048e-06,
    "R_AICART": 0.04890391403579522,
    "R_AIRC2": 0.030301185364940496,
    "R_AIRC3": -0.030301185364940496,
    "R_ALAALAr": 0.004990612182617187,
    "R_ALAR": 0.009981224365234374,
    "R_ALATA_L": -0.17214891367429003,
    "R_ALATRS": 0.09040751037894638,
    "R_AMAOTr": 3.5919189453125e-07,
    "R_AMPMS2": 9.840723892697793e-06,
    "R_ANPRT": 0.009333627967939573,
    "R_ANS": 0.009333627967939573,
    "R_AOXSr2": 3.5919189453125e-07,
    "R_APRAUR": 7.1810754824201e-06,
    "R_ARGSL": 0.05094911912292493,
    "R_ARGSS": 0.05094911912292493,
    "R_ARGTRS": 0.05094911912292493,
    "R_ASAD": -0.38833894761178633,
    "R_ASNS2": 0.034772921332966396,
    "R_ASNTRS": 0.034772921332966396,
    "R_ASP1DC": 5.3878784179617334e-05,
    "R_ASPCT": 0.021880150185558417,
    "R_ASPK": 0.38833894761178633,
    "R_ASPO5": 0.0031072991883298534,
    "R_ASPTA": -0.6184089999047493,
    "R_ASPTRS": 0.05330676742741759,
    "R_ATPPRT": 0.018602728670854725,
    "R_ATPS4rpp": -10.68356242152492,
    "R_BPNT": 0.03758163122943693,
    "R_BTS5": 3.5919189453125e-07,
    "R_CBMKr": 0.07282926930848335,
    "R_CDPMEK": 0.00010865554809570601,
    "R_CHORM": 0.06308240840406638,
    "R_CHORS": 0.0724878747509122,
    "R_CO2tex": -1.5113261706386378,
    "R_CO2tpp": -1.5113261706386378,
    "R_COBALT2tex": 3.450373405020853e-06,
    "R_COBALT2tpp": 3.450373405020853e-06,
    "R_CS": 2.4252835724170656,
    "R_CTECOAI7": -0.027016259155273434,
    "R_CTPS2": 0.011149142747197041,
    "R_CYSS": 0.03758163122943693,
    "R_CYSTL": 0.027685697802716798,
    "R_CYSTRS": 0.009158948555193846,
    "R_CYTK1": 0.06682751724145501,
    "R_DALAtex": -0.0024953060913085936,
    "R_DAPDC": 0.04629094486962823,
    "R_DAPE": 0.05128155705224542,
    "R_DASYN160": 0.011460735778808594,
    "R_DASYN161": 0.013508129577636717,
    "R_DB4PS": 1.43621509648402e-05,
    "R_DBTS": 3.5919189453125e-07,
    "R_DDPA": 0.0724878747509122,
    "R_DHAD1": 0.15030349681642982,
    "R_DHAD2": 0.05110300799658646,
    "R_DHDPRy": 0.05128155705224542,
    "R_DHDPS": 0.05128155705224542,
    "R_DHFR": 0.00417346858215332,
    "R_DHFS": 7.183837890625041e-05,
    "R_DHNPA2r": 7.183837890625041e-05,
    "R_DHORDfum": 0.021880150185558417,
    "R_DHORTS": -0.021880150185558417,
    "R_DHPPDA2": 7.1810754824201e-06,
    "R_DHPS2": 7.183837890625041e-05,
    "R_DHPTDCs2": 1.5591045452758048e-06,
    "R_DHQS": 0.0724878747509122,
    "R_DHQTi": 0.0724878747509122,
    "R_DMATT": 9.877777099609637e-06,
    "R_DMPPS": 9.877777099609637e-06,
    "R_DNMPPA": 7.183837890625041e-05,
    "R_DNTPPA": 7.183837890625041e-05,
    "R_DPCOAK": 5.3878784179617334e-05,
    "R_DPR": 5.3878784179617334e-05,
    "R_DTMPK": 0.0041016302032470696,
    "R_DUTPDP": 0.0041016302032470696,
    "R_DXPRIi": 0.00010865554809570601,
    "R_DXPS": 0.00019698171108613894,
    "R_E4PD": 7.848543909773513e-05,
    "R_ECOAH1": 0.06391460571289062,
    "R_ECOAH2": 0.06391460571289062,
    "R_ECOAH3": 0.06391460571289062,
    "R_ECOAH4": 0.06391460571289062,
    "R_ECOAH5": 0.06391460571289062,
    "R_ECOAH6": 0.04993773071289062,
    "R_ECOAH7": 0.04993773071289062,
    "R_EGMEACPR": 3.5919189453125e-07,
    "R_EPMEACPR": 3.5919189453125e-07,
    "R_FACOAE120": 0.013976875000000001,
    "R_FACOAE160": 0.022921471557617187,
    "R_FACOAE161": 0.027016259155273434,
    "R_FADRx": 0.39293659792902247,
    "R_FBA": -0.70645267608673,
    "R_FBP": 0.70645267608673,
    "R_FE2tex": 0.000673092117172739,
    "R_FE2tpp": 0.000673092117172739,
    "R_FMETTRS": 0.002439423774112249,
    "R_FMNAT": 4.702245377065409e-06,
    "R_FMNRx": 1.157202536103294e-06,
    "R_FORtex": -36.101791414872096,
    "R_FORtppi": 36.101791414872096,
    "R_FTHFLi": 0.22230990176705676,
    "R_FUM": 0.0919615860006243,
    "R_G1PACT": 0.016969661865234374,
    "R_G1SAT": 4.79966975856126e-06,
    "R_G3PAT160": 0.011460735778808594,
    "R_G3PAT161": 0.013508129577636717,
    "R_G3PD2": -0.02496886535644531,
    "R_G5SADs": 0.03657148775144325,
    "R_G5SD": 0.03657148775144325,
    "R_GAPD": -1.812869557667135,
    "R_GARFT": 0.030311026088833192,
    "R_GCALDD": 7.183837890625041e-05,
    "R_GF6PTA": 0.016969661865234374,
    "R_GHMT2r": -0.1087409335947211,
    "R_GK1": 0.047842701175516214,
    "R_GLNS": 0.1672067526418091,
    "R_GLNTRS": 0.0372525176848617,
    "R_GLU5K": 0.03657148775144325,
    "R_GLUCYS": 4.1671281071780135e-07,
    "R_GLUDC": 2.2351907699981686,
    "R_GLUDy": -1.299802915416688,
    "R_GLUPRT": 0.030311026088833192,
    "R_GLUR": -0.004990612182617187,
    "R_GLUTRR": 4.79966975856126e-06,
    "R_GLUTRS": 0.058999638954473174,
    "R_GLYCLTt2rpp": -7.183837890625041e-05,
    "R_GLYCLTtex": -7.183837890625041e-05,
    "R_GLYTRS": 0.07312331581587207,
    "R_GMPS2": 0.013205183149149037,
    "R_GRTT": 9.877777099609637e-06,
    "R_GTHS": 4.1671281071780135e-07,
    "R_GTPCI": 7.183837890625041e-05,
    "R_GTPCII2": 7.1810754824201e-06,
    "R_H2Otex": 33.048775626968414,
    "R_H2Otpp": 33.048775626968414,
    "R_HACD1": 0.06391460571289062,
    "R_HACD2": 0.06391460571289062,
    "R_HACD3": 0.06391460571289062,
    "R_HACD4": 0.06391460571289062,
    "R_HACD5": 0.06391460571289062,