{
    "TptsG": 9.66955778844827,
    "Tack": -9.43466338668356,
    "Tform": -0.015997274490696305,
    "Tnh3": 6.093123969076,
    "To2": 14.273915939678146,
    "Tqox": 30.430820751439047,
    "Tsul": 0.10755867927950424,
    "Tp": 0.3894902813985045,
    "Tco2": -14.557752913976572,
    "TmgtE": 0.0007782944842891197,
    "TfeuABC": 2.8296712964365034e-05,
    "Tmnt": 0.00015209791328597562,
    "Tadc": 0.00034767406030541406,
    "TchaA": 1.9458971132102097e-08,
    "TykuT": 0.4199331624353776,
    "Th": 35.4790685337052,
    "Th2o": -31.11925867768456,
    "EptsH": 9.66955778844827,
    "EptsI": 9.66955778844827,
    "EglpK": 2.7595874023437497e-06,
    "Epgi": 5.513288378228311,
    "Epfk": 7.609142107625452,
    "Efba": 7.609142107625452,
    "Etpi": 7.241727292645815,
    "EgapA": 15.86363927818768,
    "Epgk": 15.86363927818768,
    "Epgm": 15.079864595427892,
    "Eeno": 15.079864595427892,
    "Epyk": 4.838946977914454,
    "Epdh": 10.584182997884279,
    "Epta": 8.719097550320127,
    "EackA": 8.719097550320127,
    "Ezwf": 3.8773359816030153,
    "Egnd": 3.8773359816030153,
    "EywlF": 1.6470105066615073,
    "Erpe": 2.229873846584641,
    "Etkt1": 1.2426443305097845,
    "EywjH": 1.2426443305097845,
    "Etkt2": 0.9872295160748567,
    "Epyc": 1.9522922363460014,
    "EcitZ": 0.7223535911355912,
    "EcitB": 0.7223535911355912,
    "EcitC": 0.7223535911355912,
    "EcitG": 0.49016093140587447,
    "Emdh": 0.47957124466190115,
    "EmleA": 0.010589686743973337,
    "Eprs": 0.4043661761517229,
    "EpurF": 0.16823634265024034,
    "EpurD": 0.16823634265024034,
    "EpurN": 0.16823634265024034,
    "EpurLQ": 0.16823634265024034,
    "EpurM": 0.16823634265024034,
    "EpurEK": 0.16803385080077535,
    "EpurC": 0.16803385080077535,
    "EpurB": 0.16803385080077535,
    "EpurH": 0.2370278853701049,
    "EpurA": 0.1563034474675211,
    "EpurB2": 0.1563034474675211,
    "Eadk": 4.407221966463576,
    "EguaA": 0.0807244379025838,
    "EguaB": 0.0807244379025838,
    "Egdp": 0.11515451269164628,
    "Egtp": 6.732811054199832,
    "EpyrB": 0.1253225131921436,
    "EpyrC": 0.1253225131921436,
    "EpyrKD": 0.1253225131921436,
    "EpyrE": 0.1253225131921436,
    "EpyrF": 0.1253225131921436,
    "EpyrH": 0.23760125178589359,
    "Ecmk2": 0.0361946013646447,
    "Eutp": 0.5835447389965869,
    "EpyrG": 0.07930981588123251,
    "Ecdp": 0.36836833062489865,
    "Enrd1": 0.02404013792724609,
    "Enrd2": 0.01351927932128906,
    "Enrd3": 0.010415314196777343,
    "Ecmk4": -0.013576848999023434,
    "EthyB": 0.013576848999023434,
    "EcomEB": 0.013576848999023434,
    "Etmk": 0.013576848999023434,
    "Endk1": 0.01351927932128906,
    "Endk2": 0.010415314196777343,
    "Endk3": 0.010463288928222654,
    "Endk4": 0.013576848999023434,
    "EycgT": 0.15680107757261522,
    "Endh": 28.148509195081118,
    "Eatp": 15.93812025306951,
    "EppaC": 5.495043986026212,
    "EytiB": -1.9592837349451122,
    "EkatA": 0.5758244901108445,
    "EsodA": 0.3803852593929881,
    "EalaT": 0.5171035898968516,
    "EalaS": 0.27090065940802066,
    "Ealr": 0.06479858398437499,
    "Eddl": 0.0605302001953125,
    "EargB": 0.1658236331375781,
    "EargC": 0.1658236331375781,
    "EargD": 0.1658236331375781,
    "EargJ2": 0.1658236331375781,
    "EcarAB": 0.2911461463297217,
    "EargF": 0.1658236331375781,
    "EargG": 0.1658236331375781,
    "EargH": 0.1658236331375781,
    "EargS": 0.14139040559851562,
    "EasnB": 0.12858276728374973,
    "EasnS": 0.12858276728374973,
    "EaspB": 1.7095098898723113,
    "EaspS": 0.1686607719300927,
    "Esat": 0.10755867927950424,
    "EcysC": 0.10755867927950423,
    "EcysH": 0.10755867927950423,
    "Ecxx": 0.10755867927950423,
    "EcysJI": 0.10754244151152084,
    "Exxx": 1.6237767983393134e-05,
    "EcysE": 0.10754244151152084,
    "EcysK": 0.10754244151152084,
    "EmtnN": 0.00018877366712235794,
    "EluxS": 0.00018877366712235794,
    "EmccB": 0.2254248008538516,
    "EcysS": 0.02096699434255102,
    "Egln": 6.4300117741013985,
    "EglnS": 0.11452249250853612,
    "Eglt": 5.247976970736561,
    "EgltX": 0.3749903329297812,
    "EracE": 0.0605302001953125,
    "EglyA": 0.46465710878190586,
    "EglyQS": 0.24407126547431715,
    "EhisG": 0.06899403456932951,
    "EhisI": 0.06899403456932951,
    "EhisA": 0.06899403456932951,
    "EhisHF": 0.06899403456932951,
    "EhisB": 0.06899403456932951,
    "EhisC": 0.06899403456932951,
    "EhisJ": 0.06899403456932951,
    "EhisD1": 0.06899403456932951,
    "EhisD2": 0.06899403456932951,
    "EhisS": 0.06899403456932951,
    "EilvBH1": 0.2254248008538516,
    "EilvC1": 0.2254248008538516,
    "EilvD1": 0.2254248008538516,
    "EilvE1": 0.22479281498260978,
    "EileS": 0.22479281498260978,
    "EilvBH2": 0.527997504510623,
    "EilvC2": 0.527997504510623,
    "EilvD2": 0.527997504510623,
    "EleuA": 0.28595489501327975,
    "EleuCD": 0.28595489501327975,
    "EleuB": 0.28595489501327975,
    "EilvE3": 0.28561907506993356,
    "EleuS": 0.28561907506993356,
    "Ebkd1": 0.000631985871241843,
    "Ebkd2": 7.187290300397431e-05,
    "Ebkd3": 0.00033581994334615575,
    "EdapG": 0.7863138511406284,
    "Easd": 0.7863138511406284,
    "Ehom": 0.4899098677355094,
    "EdapA": 0.296403983405119,
    "EdapB": 0.296403983405119,
    "EdapH": 0.296403983405119,
    "EpatA": 0.296403983405119,
    "EdapL": 0.296403983405119,
    "EdapF": 0.296403983405119,
    "ElysA": 0.23587378320980648,
    "ElysS": 0.23587378320980645,
    "EmetA": 0.3116194114467934,
    "EmetI": 0.3116194114467934,
    "EmetC": 0.08619461059294184,
    "EmetE": 0.08638338426006421,
    "EmetK": 0.0043988639241975365,
    "EmetS": 0.09734189144000138,
    "Efmt": 0.011163518615042932,
    "Edef": 0.011163518615042932,
    "EspeD": 0.0041613769531249995,
    "EspeE": 0.0041613769531249995,
    "EmtnN2": 0.0041613769531249995,
    "EmtnK": 0.0041613769531249995,
    "EmtnA": 0.0041613769531249995,
    "EmtnB": 0.0041613769531249995,
    "EmtnW": 0.0041613769531249995,
    "EmtnX": 0.0041613769531249995,
    "EmtnD": 0.0041613769531249995,
    "EmtnE": 0.0041613769531249995,
    "EspeA": 0.024433227539062498,
    "EspeB": 0.024433227539062498,
    "EaroA": 0.25541481443492786,
    "EaroB": 0.25541481443492786,
    "EaroC": 0.25541481443492786,
    "EaroD": 0.25541481443492786,
    "EaroK": 0.25541481443492786,
    "EaroE": 0.25541481443492786,
    "EaroF": 0.25541481443492786,
    "EaroH": 0.22782625181311236,
    "EpheA": 0.12731100415222427,
    "EhisC2": 0.12731100415222427,
    "EpheS": 0.12731100415222427,
    "EproB": 0.12043138278992671,
    "EproA": 0.12043138278992671,
    "EproI": 0.12043138278992671,
    "EproS": 0.12043138278992671,
    "EserA": 0.7837746827597877,
    "EserC": 0.7837746827597877,
    "EserB": 0.7837746827597877,
    "EserS": 0.18407008867999583,
    "EthrB": 0.17829045628871598,
    "EthrC": 0.17829045628871598,
    "EthrS": 0.17829045628871598,
    "EtrpEG": 0.02717242492650253,
    "EtrpD": 0.02717242492650253,
    "EtrpF": 0.027172424926502528,
    "EtrpC": 0.02717242492650253,
    "EtrpA": 0.02717242492650253,
    "EtrpB": 0.02717242492650253,
    "EtrpS": 0.02717242492650253,
    "EtyrA": 0.10051524766088811,
    "EhisC3": 0.10051524766088811,
    "EtyrS": 0.1005152476608881,
    "EilvE2": 0.24179239186777632,
    "EvalS": 0.24179239186777632,
    "Eure": 0.024433227539062498,
    "EgcvT": 0.05214700880788314,
    "Eapt": 0.0043501506202473575,
    "EmtrA": 0.00023779296875045194,
    "EphoA": 0.00023779296875045194,
    "EfolB": 0.00023779296875045194,
    "EpabAB": 0.00023779296875045194,
    "EpabC": 0.00023779296875045194,
    "Esul1": 0.00023779296875045194,
    "EfolC": 0.00023779296875045194,
    "EdfrA": 0.013814641967773886,
    "EfolD2": 0.4166655396041381,
    "EfolD3": 0.4166655396041381,
    "EyitJ": 0.0863833842600642,
    "EmenD": 0.00017834472656249998,
    "EmenC": 0.00017834472656249998,
    "EmenE": 0.00017834472656249998,
    "EmenB": 0.00017834472656249998,