{
    "R_EX_pqq_e": -1000.0,
    "R_DM_4crsol_c": 0.00010511177809003772,
    "R_DM_5drib_c": 0.0001063091352677721,
    "R_DM_amob_c": 1.197357177734375e-06,
    "R_DM_mththf_c": 8.58176651606246e-05,
    "R_EX_ca2_e": -1000.0,
    "R_EX_cbl1_e": -1000.0,
    "R_EX_cl_e": -1000.0,
    "R_EX_co2_e": -1000.0,
    "R_EX_cobalt2_e": -1000.0,
    "R_EX_cu2_e": -1000.0,
    "R_EX_fe2_e": -1000.0,
    "R_EX_fe3_e": -1000.0,
    "R_EX_glc__D_e": -1000.0,
    "R_EX_h_e": -1000.0,
    "R_EX_h2o_e": -1000.0,
    "R_EX_k_e": -1000.0,
    "R_EX_mg2_e": -1000.0,
    "R_EX_mn2_e": -1000.0,
    "R_EX_mobd_e": -1000.0,
    "R_EX_na1_e": -1000.0,
    "R_EX_nh4_e": -1000.0,
    "R_EX_ni2_e": -1000.0,
    "R_EX_o2_e": -1000.0,
    "R_EX_pi_e": -1000.0,
    "R_EX_sel_e": -1000.0,
    "R_EX_slnt_e": -1000.0,
    "R_EX_so4_e": -1000.0,
    "R_EX_tungs_e": -1000.0,
    "R_EX_zn2_e": -1000.0,
    "R_3OAR140": 0.0465915625,
    "R_3OAS140": 0.0465915625,
    "R_5DOAN": 0.0001063091352677721,
    "R_5MTRtex": -0.004190750122070312,
    "R_5MTRtpp": 0.004190750122070312,
    "R_A5PISO": 0.02329578125,
    "R_AACPS3": 0.07640815093994141,
    "R_AACPS4": 0.09005802276611329,
    "R_AACPS7": 0.0465915625,
    "R_ACACT1r": 0.21305773620605473,
    "R_ACACT2r": 0.21305773620605473,
    "R_ACACT3r": 0.21305773620605473,
    "R_ACACT4r": 0.21305773620605473,
    "R_ACACT5r": 0.21305773620605473,
    "R_ACACT6r": 0.1664661737060547,
    "R_ACACT7r": 0.1664661737060547,
    "R_ACCOAC": 0.0465951545715332,
    "R_ACCOAL": 0.25656088590569076,
    "R_ACGK": 0.1468461943913527,
    "R_ACGS": 0.1468461943913527,
    "R_ACHBS": 0.1621454987311984,
    "R_ACLS": 0.4537703563114264,
    "R_ACOAD1f": -0.21305773620605473,
    "R_ACOAD2f": -0.21305773620605473,
    "R_ACOAD3f": -0.21305773620605473,
    "R_ACOAD4f": -0.21305773620605473,
    "R_ACOAD5f": -0.21305773620605473,
    "R_ACOAD6f": -0.1664661737060547,
    "R_ACOAD7f": -0.07640815093994141,
    "R_ACODA": 0.1468461943913527,
    "R_ACONTa": 0.5500867387299345,
    "R_ACONTb": 0.5500867387299345,
    "R_ACOTA": -0.1468461943913527,
    "R_ACPPAT160": 0.038204075469970705,
    "R_ACPPAT161": 0.04502901138305664,
    "R_ACt2rpp": -0.27951176090952834,
    "R_ACtex": -0.27951176090952834,
    "R_ADCL": 0.00023947143554687786,
    "R_ADCS": 0.00023947143554687786,
    "R_ADK1": 3.559161331063942,
    "R_ADMDC": 0.004190750122070312,
    "R_ADNK1": 0.004382876922498708,
    "R_ADSK": 0.10936978526817565,
    "R_ADSL1r": 0.1321085995354538,
    "R_ADSL2r": 0.14163659424719066,
    "R_ADSS": 0.1321085995354538,
    "R_AGPAT160": 0.038204075469970705,
    "R_AGPAT161": 0.04502901138305664,
    "R_AGPR": -0.1468461943913527,
    "R_AHCYSNS": 8.58176651606246e-05,
    "R_AICART": 0.19847968953925466,
    "R_AIRC2": 0.14163659424719066,
    "R_AIRC3": -0.14163659424719066,
    "R_ALAALAr": 0.016636080627441405,
    "R_ALAR": 0.03327216125488281,
    "R_ALATA_L": -0.5425353179765804,
    "R_ALATRS": 0.28163771501118195,
    "R_AMAOTr": 1.197357177734375e-06,
    "R_AMPMS2": 0.00010511177809003772,
    "R_ANPRT": 0.028948430925511914,
    "R_ANS": 0.028948430925511914,
    "R_AOXSr2": 1.197357177734375e-06,
    "R_APG3PAT160": 0.038204075469970705,
    "R_APG3PAT161": 0.04502901138305664,
    "R_APRAUR": 6.178912372952663e-05,
    "R_ARGSL": 0.1426554442692824,
    "R_ARGSS": 0.1426554442692824,
    "R_ARGTRS": 0.1426554442692824,
    "R_ASAD": -0.5656271035374795,
    "R_ASNS2": 0.10637384241755199,
    "R_ASNTRS": 0.10637384241755199,
    "R_ASP1DC": 0.00017960357666035875,
    "R_ASPCT": 0.10322916054567052,
    "R_ASPK": 0.5656271035374795,
    "R_ASPO3": 0.01035983370824346,
    "R_ASPTA": -1.3539991123225201,
    "R_ASPTRS": 0.15182893048497803,
    "R_ATPPRT": 0.056843095292063994,
    "R_ATPS4rpp": 21.131982852407663,
    "R_BPNT": 0.10936978526817565,
    "R_BTS5": 1.197357177734375e-06,
    "R_CBMKr": 0.24588460481495292,
    "R_CDPMEK": 0.0006297934778552033,
    "R_CHORM": 0.17329282128587012,
    "R_CHORS": 0.20250505027707377,
    "R_CHRPL": 2.432663014487104e-05,
    "R_CO2tex": -5.6181709262088235,
    "R_CO2tpp": -5.6181709262088235,
    "R_COBALT2tex": 5.165901961790248e-05,
    "R_COBALT2tpp": 5.165901961790248e-05,
    "R_CPPPGO": 4.8653260287726766e-05,
    "R_CS": 0.5500867387299345,
    "R_CTECOAI7": -0.09005802276611329,
    "R_CTPS2": 0.05343029296648064,
    "R_CU2tex": 2.432663014386338e-05,
    "R_CU2tpp": 2.432663014386338e-05,
    "R_CYSS": 0.10936978526817565,
    "R_CYSTL": 0.08312279427280768,
    "R_CYSTRS": 0.024959147561497672,
    "R_CYTBO3_4pp": 14.628194518133375,
    "R_CYTK1": 0.14162686256867574,
    "R_DALAtex": -0.008318040313720703,
    "R_DAPDC": 0.1568020110054417,
    "R_DAPE": 0.1734380916328831,
    "R_DASYN160": 0.038204075469970705,
    "R_DASYN161": 0.04502901138305664,
    "R_DB4PS": 0.00012357824745905325,
    "R_DBTS": 1.197357177734375e-06,
    "R_DDPA": 0.20250505027707377,
    "R_DHAD1": 0.4537703563114264,
    "R_DHAD2": 0.1621454987311984,
    "R_DHDPRy": 0.1734380916328831,
    "R_DHDPS": 0.1734380916328831,
    "R_DHFR": 0.01391215291595459,
    "R_DHFS": 0.00023947143554687786,
    "R_DHNPA2r": 0.00023947143554687786,
    "R_DHORD2": 0.10322916054567052,
    "R_DHORTS": -0.10322916054567052,
    "R_DHPPDA2": 6.178912372952663e-05,
    "R_DHPS2": 0.00023947143554687786,
    "R_DHPTDCs2": 8.58176651606246e-05,
    "R_DHQS": 0.20250505027707377,
    "R_DHQTi": 0.20250505027707377,
    "R_DMATT": 8.158058267643063e-05,
    "R_DMPPS": 8.158058267643063e-05,
    "R_DMQMT": 2.432663014487104e-05,
    "R_DNMPPA": 0.00023947143554687786,
    "R_DNTPPA": 0.00023947143554687786,
    "R_DPCOAK": 0.00017960357666035875,
    "R_DPR": 0.00017960357666035875,
    "R_DTMPK": 0.013672681480407713,
    "R_DUTPDP": 0.013672681480407713,
    "R_DXPRIi": 0.0006297934778552033,
    "R_DXPS": 0.000879054169832863,
    "R_E4PD": 0.00014414891388762427,
    "R_ECOAH1": 0.21305773620605473,
    "R_ECOAH2": 0.21305773620605473,
    "R_ECOAH3": 0.21305773620605473,
    "R_ECOAH4": 0.21305773620605473,
    "R_ECOAH5": 0.21305773620605473,
    "R_ECOAH6": 0.1664661737060547,
    "R_ECOAH7": 0.1664661737060547,
    "R_EDA": 1.384127325718132,
    "R_EDD": 1.384127325718132,
    "R_EGMEACPR": 1.197357177734375e-06,
    "R_ENO": 8.842333423027322,
    "R_EPMEACPR": 1.197357177734375e-06,
    "R_FACOAE120": 0.0465915625,
    "R_FACOAE160": 0.07640815093994141,
    "R_FACOAE161": 0.09005802276611329,
    "R_FADRx": 1.3088942255307106,
    "R_FBA": 3.332202927259526,
    "R_FCLT": 4.865326028772676e-05,
    "R_FE2tex": 0.0010525134620094298,
    "R_FE2tpp": 0.0010525134620094298,
    "R_FMETTRS": 0.008708179249621945,
    "R_FMNAT": 1.934152699069948e-05,
    "R_FMNRx2": 1.0776483354520657e-05,
    "R_FORtex": -2.650387647237899,
    "R_FORtppi": 2.650387647237899,
    "R_FTHFLi": 0.07249474675105581,
    "R_FUM": 0.41640063805192695,
    "R_G1PACT": 0.05656794250488281,
    "R_G1SAT": 0.0004357935502786496,
    "R_G3PD2": -0.08323308685302735,
    "R_G5SADs": 0.10584064537528064,
    "R_G5SD": 0.10584064537528064,
    "R_G6PDH2r": 6.854771771338352,
    "R_GAPD": 9.548483497872112,
    "R_GARFT": 0.1417417060252807,
    "R_GCALDD": 0.00023947143554687786,
    "R_GF6PTA": 0.05656794250488281,
    "R_GHMT2r": 0.3737351964936848,
    "R_GK1": 0.10079906670936725,
    "R_GLCptspp": 6.909945719030753,
    "R_GLCtex_copy1": 6.909945719030753,
    "R_GLNS": 0.6471937555687176,
    "R_GLNTRS": 0.10131002038986898,
    "R_GLU5K": 0.10584064537528064,
    "R_GLUCYS": 3.9072743306103e-06,
    "R_GLUDy": -4.106979350547059,
    "R_GLUPRT": 0.1417417060252807,
    "R_GLUR": -0.016636080627441405,
    "R_GLUTRR": 0.0004357935502786496,
    "R_GLUTRS": 0.1792104192361093,
    "R_GLYCTO2": 0.00023947143554687786,
    "R_GLYTRS": 0.23198958319407353,
    "R_GMPS2": 0.06637109000380084,
    "R_GND": 5.47064444562022,
    "R_GRTT": 8.158058267643063e-05,
    "R_GTHS": 3.9072743306103e-06,
    "R_GTPCI": 0.00023947143554687786,